{
    "normal": {
        "teal": "#7adbbc",
        "lgreen": "#b9e87e",
        "orange": "#e7896d",
        "yellow": "#fdf380",
        "lavender": "#b58efd",
        "pink": "#ef99c3",
        "vlgrey": "#e8ebf7",
        "lgrey": "#aa9f9e",
        "guiwhite": "#ffffff",
        "black": "#484848",
        "blue": "#3ca4cb",
        "green": "#8abc3f",
        "red": "#e03e41",
        "gold": "#efc74b",
        "purple": "#8d6adf",
        "magenta": "#cc669c",
        "grey": "#a7a7af",
        "dgrey": "#726f6f",
        "white": "#dbdbdb",
        "guiblack": "#000000",
        "mustard": "#c49608",
        "tangerine": "#ec7b0f",
        "brown": "#895918",
        "cyan": "#13808e",
        "paletteSize": 20,
        "border": 0.6509803921568628
    },
    "dark": {
        "teal": "#8975b7",
        "lgreen": "#0c491d",
        "orange": "#c46748",
        "yellow": "#b2b224",
        "lavender": "#7d56c5",
        "pink": "#b24fae",
        "vlgrey": "#1e1e1e",
        "lgrey": "#3c3a3a",
        "guiwhite": "#000000",
        "black": "#e5e5e5",
        "blue": "#379fc6",
        "green": "#30b53b",
        "red": "#ff6c6e",
        "gold": "#ffc665",
        "purple": "#9673e8",
        "magenta": "#c8679b",
        "grey": "#635f5f",
        "dgrey": "#73747a",
        "white": "#11110f",
        "guiblack": "#ffffff",
        "mustard": "#c49608",
        "tangerine": "#ec7b0f",
        "brown": "#895918",
        "cyan": "#13808e",
        "paletteSize": 20,
        "border": 0.14901960784313725
    },
    "natural": {
        "teal": "#76c1bb",
        "lgreen": "#aad35d",
        "orange": "#e09545",
        "yellow": "#ffd993",
        "lavender": "#939fff",
        "pink": "#d87fb2",
        "vlgrey": "#c4b6b6",
        "lgrey": "#7f7f7f",
        "guiwhite": "#ffffff",
        "black": "#373834",
        "blue": "#4f93b5",
        "green": "#00b659",
        "red": "#e14f65",
        "gold": "#e5bf42",
        "purple": "#8053a0",
        "magenta": "#b67caa",
        "grey": "#998f8f",
        "dgrey": "#494954",
        "white": "#a5b2a5",
        "guiblack": "#000000",
        "mustard": "#c49608",
        "tangerine": "#ec7b0f",
        "brown": "#895918",
        "cyan": "#13808e",
        "paletteSize": 20,
        "border": 0.2
    },
    "classic": {
        "teal": "#8efffb",
        "lgreen": "#85e37d",
        "orange": "#fc7676",
        "yellow": "#ffeb8e",
        "lavender": "#b58eff",
        "pink": "#f177dd",
        "vlgrey": "#cdcdcd",
        "lgrey": "#999999",
        "guiwhite": "#ffffff",
        "black": "#525252",
        "blue": "#00b0e1",
        "green": "#00e06c",
        "red": "#f04f54",
        "gold": "#ffe46b",
        "purple": "#768cfc",
        "magenta": "#be7ff5",
        "grey": "#999999",
        "dgrey": "#545454",
        "white": "#c0c0c0",
        "guiblack": "#000000",
        "mustard": "#c49608",
        "tangerine": "#ec7b0f",
        "brown": "#895918",
        "cyan": "#13808e",
        "paletteSize": 20,
        "border": 0.5019607843137255
    },
    "forest": {
        "teal": "#884aa5",
        "lgreen": "#8c9b3e",
        "orange": "#d16a80",
        "yellow": "#97596d",
        "lavender": "#499855",
        "pink": "#60294f",
        "vlgrey": "#ddc6b8",
        "lgrey": "#7e949e",
        "guiwhite": "#ffffe8",
        "black": "#665750",
        "blue": "#807bb6",
        "green": "#a1be55",
        "red": "#e5b05b",
        "gold": "#ff4747",
        "purple": "#bac674",
        "magenta": "#ba78d1",
        "grey": "#998866",
        "dgrey": "#529758",
        "white": "#7da060",
        "guiblack": "#000000",
        "mustard": "#c49608",
        "tangerine": "#ec7b0f",
        "brown": "#895918",
        "cyan": "#13808e",
        "paletteSize": 20,
        "border": 0.7019607843137254
    },
    "midnight": {
        "teal": "#2b9098",
        "lgreen": "#4baa5d",
        "orange": "#345678",
        "yellow": "#cdc684",
        "lavender": "#89778e",
        "pink": "#a85c90",
        "vlgrey": "#cccccc",
        "lgrey": "#a7b2b7",
        "guiwhite": "#bac6ff",
        "black": "#091f28",
        "blue": "#123455",
        "green": "#098765",
        "red": "#000013",
        "gold": "#566381",
        "purple": "#743784",
        "magenta": "#b29098",
        "grey": "#555555",
        "dgrey": "#649eb7",
        "white": "#444444",
        "guiblack": "#000000",
        "mustard": "#c49608",
        "tangerine": "#ec7b0f",
        "brown": "#895918",
        "cyan": "#13808e",
        "paletteSize": 20,
        "border": 0.6
    },
    "snow": {
        "teal": "#89bfba",
        "lgreen": "#b5d17d",
        "orange": "#e5e0e0",
        "yellow": "#b5bbe5",
        "lavender": "#939fff",
        "pink": "#646de5",
        "vlgrey": "#b2b2b2",
        "lgrey": "#7f7f7f",
        "guiwhite": "#ffffff",
        "black": "#383835",
        "blue": "#aeaeff",
        "green": "#aeffae",
        "red": "#ffaeae",
        "gold": "#ffffff",
        "purple": "#c3c3d8",
        "magenta": "#ffb5ff",
        "grey": "#cccccc",
        "dgrey": "#a0a0b2",
        "white": "#f2f2f2",
        "guiblack": "#000000",
        "mustard": "#c49608",
        "tangerine": "#ec7b0f",
        "brown": "#895918",
        "cyan": "#13808e",
        "paletteSize": 20,
        "border": 0.34901960784313724
    },
    "coralReef": {
        "teal": "#76eec6",
        "lgreen": "#41aa78",
        "orange": "#ff7f50",
        "yellow": "#ffd250",
        "lavender": "#dc3388",
        "pink": "#fa8072",
        "vlgrey": "#8b8886",
        "lgrey": "#bfc1c2",
        "guiwhite": "#ffffff",
        "black": "#12466b",
        "blue": "#4200ae",
        "green": "#0d6338",
        "red": "#dc4333",
        "gold": "#fea904",
        "purple": "#7b4bab",
        "magenta": "#5c246e",
        "grey": "#656884",
        "dgrey": "#d4d7d9",
        "white": "#3283bc",
        "guiblack": "#000000",
        "mustard": "#c49608",
        "tangerine": "#ec7b0f",
        "brown": "#895918",
        "cyan": "#13808e",
        "paletteSize": 20,
        "border": 0.2980392156862745
    },
    "badlands": {
        "teal": "#f9cb9c",
        "lgreen": "#f1c232",
        "orange": "#38761d",
        "yellow": "#e69138",
        "lavender": "#b7b7b7",
        "pink": "#78866b",
        "vlgrey": "#6aa84f",
        "lgrey": "#b7b7b7",
        "guiwhite": "#a4c2f4",
        "black": "#000000",
        "blue": "#0c5a9e",
        "green": "#6e8922",
        "red": "#5b0000",
        "gold": "#783f04",
        "purple": "#591c77",
        "magenta": "#20124d",
        "grey": "#2f1c16",
        "dgrey": "#999999",
        "white": "#543517",
        "guiblack": "#cfe2f3",
        "mustard": "#c49608",
        "tangerine": "#ec7b0f",
        "brown": "#895918",
        "cyan": "#13808e",
        "paletteSize": 20,
        "border": 0.4
    },
    "bleach": {
        "teal": "#00ffff",
        "lgreen": "#00ff00",
        "orange": "#ff3200",
        "yellow": "#ffec00",
        "lavender": "#ff24a7",
        "pink": "#ff3cbd",
        "vlgrey": "#fff186",
        "lgrey": "#918181",
        "guiwhite": "#f1f1f1",
        "black": "#5f5f5f",
        "blue": "#0025ff",
        "green": "#00ff00",
        "red": "#ff0000",
        "gold": "#fffa23",
        "purple": "#3100ff",
        "magenta": "#d4d3d3",
        "grey": "#838383",
        "dgrey": "#4c4c4c",
        "white": "#fffefe",
        "guiblack": "#080808",
        "mustard": "#c49608",
        "tangerine": "#ec7b0f",
        "brown": "#895918",
        "cyan": "#13808e",
        "paletteSize": 20,
        "border": 0.4
    },
    "pumpkinSkeleton": {
        "teal": "#721970",
        "lgreen": "#ff6347",
        "orange": "#1b713a",
        "yellow": "#fdf380",
        "lavender": "#941100",
        "pink": "#194417",
        "vlgrey": "#1b713a",
        "lgrey": "#aa9f9e",
        "guiwhite": "#fed8b1",
        "black": "#484848",
        "blue": "#3ca4cb",
        "green": "#76eec6",
        "red": "#f04f54",
        "gold": "#1b713a",
        "purple": "#1b713a",
        "magenta": "#cc669c",
        "grey": "#ffffff",
        "dgrey": "#726f6f",
        "white": "#ff9b58",
        "guiblack": "#000000",
        "mustard": "#c49608",
        "tangerine": "#ec7b0f",
        "brown": "#895918",
        "cyan": "#13808e",
        "paletteSize": 20,
        "border": 1
    },
    "retro": {
        "teal": "#ffff62",
        "lgreen": "#06bf3b",
        "orange": "#318e95",
        "yellow": "#937d00",
        "lavender": "#eee8d5",
        "pink": "#e72c76",
        "vlgrey": "#c8d8e7",
        "lgrey": "#073642",
        "guiwhite": "#ffffff",
        "black": "#000000",
        "blue": "#2c3eb9",
        "green": "#efb209",
        "red": "#b91234",
        "gold": "#82dfe4",
        "purple": "#1e616a",
        "magenta": "#8b124c",
        "grey": "#839496",
        "dgrey": "#76b68b",
        "white": "#081e20",
        "guiblack": "#000000",
        "mustard": "#c49608",
        "tangerine": "#ec7b0f",
        "brown": "#895918",
        "cyan": "#13808e",
        "paletteSize": 20,
        "border": 0.7529411764705882
    },
    "pastel": {
        "teal": "#ffff98",
        "lgreen": "#8affb2",
        "orange": "#d8b384",
        "yellow": "#ffeb76",
        "lavender": "#eee8d5",
        "pink": "#ff8dbd",
        "vlgrey": "#f3f0d7",
        "lgrey": "#073642",
        "guiwhite": "#ffffb5",
        "black": "#675240",
        "blue": "#397697",
        "green": "#3ff7a1",
        "red": "#f65f64",
        "gold": "#d2b869",
        "purple": "#81654a",
        "magenta": "#a75299",
        "grey": "#c1c1c1",
        "dgrey": "#8da996",
        "white": "#f5dba7",
        "guiblack": "#000000",
        "mustard": "#c49608",
        "tangerine": "#ec7b0f",
        "brown": "#895918",
        "cyan": "#13808e",
        "paletteSize": 20,
        "border": 0.7529411764705882
    },
    "discord": {
        "teal": "#d53f3f",
        "lgreen": "#29b399",
        "orange": "#ff2828",
        "yellow": "#ffeb8e",
        "lavender": "#b58eff",
        "pink": "#ff68ff",
        "vlgrey": "#cdcdcd",
        "lgrey": "#999999",
        "guiwhite": "#e0e0e0",
        "black": "#000000",
        "blue": "#7289da",
        "green": "#43b581",
        "red": "#f04747",
        "gold": "#ffe800",
        "purple": "#5c79ff",
        "magenta": "#faa419",
        "grey": "#999999",
        "dgrey": "#545454",
        "white": "#1e2124",
        "guiblack": "#36393e",
        "mustard": "#c49608",
        "tangerine": "#ec7b0f",
        "brown": "#895918",
        "cyan": "#13808e",
        "paletteSize": 20,
        "border": 0.7529411764705882
    },
    "wrSheetTheme": {
        "teal": "#fd9827",
        "lgreen": "#689168",
        "orange": "#bb8e75",
        "yellow": "#f5deba",
        "lavender": "#9e8171",
        "pink": "#b35757",
        "vlgrey": "#eae0c9",
        "lgrey": "#aa9f9e",
        "guiwhite": "#ffffff",
        "black": "#795548",
        "blue": "#6bb2bf",
        "green": "#68c56c",
        "red": "#b86358",
        "gold": "#d8bc67",
        "purple": "#6e78aa",
        "magenta": "#846187",
        "grey": "#868788",
        "dgrey": "#726f6f",
        "white": "#cbb690",
        "guiblack": "#000000",
        "mustard": "#c49608",
        "tangerine": "#ec7b0f",
        "brown": "#895918",
        "cyan": "#13808e",
        "paletteSize": 20,
        "border": 0.2980392156862745
    },
    "descent": {
        "teal": "#95cecf",
        "lgreen": "#ffa5ff",
        "orange": "#bc8989",
        "yellow": "#ffffb2",
        "lavender": "#000000",
        "pink": "#bd91c4",
        "vlgrey": "#7f7360",
        "lgrey": "#000000",
        "guiwhite": "#ffffff",
        "black": "#000000",
        "blue": "#ababab",
        "green": "#a69768",
        "red": "#545454",
        "gold": "#fde7a5",
        "purple": "#878777",
        "magenta": "#85a686",
        "grey": "#c4bb9d",
        "dgrey": "#2e2e32",
        "white": "#3b3b37",
        "guiblack": "#000000",
        "mustard": "#c49608",
        "tangerine": "#ec7b0f",
        "brown": "#895918",
        "cyan": "#13808e",
        "paletteSize": 20,
        "border": 0.5019607843137255
    },
    "solarizedDark": {
        "teal": "#b58900",
        "lgreen": "#2aa198",
        "orange": "#cb4b16",
        "yellow": "#657b83",
        "lavender": "#eee8d5",
        "pink": "#d33682",
        "vlgrey": "#e0e2e4",
        "lgrey": "#073642",
        "guiwhite": "#ffffff",
        "black": "#000000",
        "blue": "#268bd2",
        "green": "#869600",
        "red": "#dc322f",
        "gold": "#b58900",
        "purple": "#678cb1",
        "magenta": "#a082bd",
        "grey": "#839496",
        "dgrey": "#073642",
        "white": "#002b36",
        "guiblack": "#000000",
        "mustard": "#c49608",
        "tangerine": "#ec7b0f",
        "brown": "#895918",
        "cyan": "#13808e",
        "paletteSize": 20,
        "border": 0.7529411764705882
    },
    "eggplant": {
        "teal": "#e96ba8",
        "lgreen": "#78d4b6",
        "orange": "#d6100f",
        "yellow": "#a39e9b",
        "lavender": "#e7e9db",
        "pink": "#e96ba8",
        "vlgrey": "#8d8687",
        "lgrey": "#2b1a29",
        "guiwhite": "#ffffff",
        "black": "#2b1a29",
        "blue": "#06b6ef",
        "green": "#48b685",
        "red": "#ef6155",
        "gold": "#f99b15",
        "purple": "#815ba4",
        "magenta": "#fec418",
        "grey": "#b9b6b0",
        "dgrey": "#40113f",
        "white": "#50374d",
        "guiblack": "#000000",
        "mustard": "#c49608",
        "tangerine": "#ec7b0f",
        "brown": "#895918",
        "cyan": "#13808e",
        "paletteSize": 20,
        "border": 0.7529411764705882
    },
    "gruvbox": {
        "teal": "#83a598",
        "lgreen": "#8ec07c",
        "orange": "#d65d0e",
        "yellow": "#d79920",
        "lavender": "#d3869b",
        "pink": "#d3869b",
        "vlgrey": "#bdae93",
        "lgrey": "#aa9f9e",
        "guiwhite": "#ebddd2",
        "black": "#000000",
        "blue": "#458588",
        "green": "#98971a",
        "red": "#cc241d",
        "gold": "#d79920",
        "purple": "#417b58",
        "magenta": "#b16186",
        "grey": "#928374",
        "dgrey": "#000000",
        "white": "#282828",
        "guiblack": "#000000",
        "mustard": "#c49608",
        "tangerine": "#ec7b0f",
        "brown": "#895918",
        "cyan": "#13808e",
        "paletteSize": 20,
        "border": 0.6
    },
    "lyric": {
        "teal": "#92a59f",
        "lgreen": "#931a1a",
        "orange": "#8c8c8c",
        "yellow": "#781717",
        "lavender": "#b58efd",
        "pink": "#696969",
        "vlgrey": "#999999",
        "lgrey": "#aa9f9e",
        "guiwhite": "#ffffff",
        "black": "#000000",
        "blue": "#771d1d",
        "green": "#8abc3f",
        "red": "#282424",
        "gold": "#7d7d7d",
        "purple": "#757575",
        "magenta": "#cc669c",
        "grey": "#787878",
        "dgrey": "#262626",
        "white": "#554e4e",
        "guiblack": "#000000",
        "mustard": "#c49608",
        "tangerine": "#ec7b0f",
        "brown": "#895918",
        "cyan": "#13808e",
        "paletteSize": 20,
        "border": 0
    },
    "blindness": {
        "teal": "#000000",
        "lgreen": "#000000",
        "orange": "#000000",
        "yellow": "#000000",
        "lavender": "#000000",
        "pink": "#000000",
        "vlgrey": "#000000",
        "lgrey": "#000000",
        "guiwhite": "#212121",
        "black": "#0c0c0c",
        "blue": "#000000",
        "green": "#000000",
        "red": "#000000",
        "gold": "#000000",
        "purple": "#000000",
        "magenta": "#000000",
        "grey": "#000000",
        "dgrey": "#000000",
        "white": "#000000",
        "guiblack": "#000000",
        "mustard": "#000000",
        "tangerine": "#000000",
        "brown": "#000000",
        "cyan": "#000000",
        "paletteSize": 20,
        "border": 0
    }
}